﻿{"cameraMode":{"drawMode":0,"name":"Shaded","section":"Shading Mode"},"sceneLighting":false,"audioPlay":false,"sceneViewState":{"showFog":true,"showMaterialUpdate":false,"showSkybox":true,"showFlares":true,"showImageEffects":true,"showParticleSystems":true},"in2DMode":false,"pivot":{"x":5.983903884887695,"y":0.24463050067424775,"z":15.324077606201172},"rotation":{"x":-0.049033261835575107,"y":0.9494752883911133,"z":-0.24478189647197724,"w":-0.1901952624320984},"size":1.0002596378326417,"orthographic":false}