﻿{"cameraMode":{"drawMode":0,"name":"Shaded","section":"Shading Mode"},"sceneLighting":false,"audioPlay":false,"sceneViewState":{"showFog":true,"showMaterialUpdate":false,"showSkybox":true,"showFlares":true,"showImageEffects":true,"showParticleSystems":true},"in2DMode":false,"pivot":{"x":0.2630000114440918,"y":-0.07000017166137696,"z":0.4330000877380371},"rotation":{"x":0.17344707250595094,"y":-0.4528684616088867,"z":0.09029968827962876,"w":0.8698691725730896},"size":40.010372161865237,"orthographic":false}