﻿{"cameraMode":{"drawMode":0,"name":"Shaded","section":"Shading Mode"},"sceneLighting":false,"audioPlay":false,"sceneViewState":{"showFog":true,"showMaterialUpdate":false,"showSkybox":true,"showFlares":true,"showImageEffects":true,"showParticleSystems":true},"in2DMode":false,"pivot":{"x":5.917227268218994,"y":0.277912437915802,"z":15.152597427368164},"rotation":{"x":0.0026662605814635755,"y":0.9948492646217346,"z":-0.09762103855609894,"w":0.027166645973920823},"size":1.0002596378326417,"orthographic":false}