﻿{"cameraMode":{"drawMode":0,"name":"Shaded","section":"Shading Mode"},"sceneLighting":false,"audioPlay":false,"sceneViewState":{"showFog":true,"showMaterialUpdate":false,"showSkybox":true,"showFlares":true,"showImageEffects":true,"showParticleSystems":true},"in2DMode":false,"pivot":{"x":5.983903884887695,"y":0.24463051557540894,"z":15.324077606201172},"rotation":{"x":0.03415520861744881,"y":0.8969049453735352,"z":-0.07038214057683945,"w":0.43524864315986636},"size":0.5715778470039368,"orthographic":false}