﻿{"cameraMode":{"drawMode":0,"name":"Shaded","section":"Shading Mode"},"sceneLighting":false,"audioPlay":false,"sceneViewState":{"showFog":true,"showMaterialUpdate":false,"showSkybox":true,"showFlares":true,"showImageEffects":true,"showParticleSystems":true},"in2DMode":false,"pivot":{"x":5.925793647766113,"y":0.08787533640861511,"z":15.235718727111817},"rotation":{"x":-0.09960741549730301,"y":0.8746510148048401,"z":-0.20323841273784638,"w":-0.4286702871322632},"size":0.7144709229469299,"orthographic":false}