﻿{"cameraMode":{"drawMode":0,"name":"Shaded","section":"Shading Mode"},"sceneLighting":false,"audioPlay":false,"sceneViewState":{"showFog":true,"showMaterialUpdate":false,"showSkybox":true,"showFlares":true,"showImageEffects":true,"showParticleSystems":true},"in2DMode":false,"pivot":{"x":0.49083006381988528,"y":0.791426420211792,"z":1.2313073873519898},"rotation":{"x":-0.18955954909324647,"y":-0.03181060031056404,"z":0.006144072860479355,"w":-0.9813346266746521},"size":12.660858154296875,"orthographic":false}