﻿{"cameraMode":{"drawMode":0,"name":"Shaded","section":"Shading Mode"},"sceneLighting":false,"audioPlay":false,"sceneViewState":{"showFog":true,"showMaterialUpdate":false,"showSkybox":true,"showFlares":true,"showImageEffects":true,"showParticleSystems":true},"in2DMode":false,"pivot":{"x":5.933903694152832,"y":0.19463050365447999,"z":15.274077415466309},"rotation":{"x":0.0026662605814635755,"y":0.9948492646217346,"z":-0.09762103855609894,"w":0.027166645973920823},"size":0.7144709229469299,"orthographic":false}