﻿{"cameraMode":{"drawMode":0,"name":"Shaded","section":"Shading Mode"},"sceneLighting":false,"audioPlay":false,"sceneViewState":{"showFog":true,"showMaterialUpdate":false,"showSkybox":true,"showFlares":true,"showImageEffects":true,"showParticleSystems":true},"in2DMode":false,"pivot":{"x":10.193450927734375,"y":11.148107528686524,"z":4.283126354217529},"rotation":{"x":0.05033821985125542,"y":0.6488826870918274,"z":-0.04309166222810745,"w":0.7579976916313171},"size":101.90323638916016,"orthographic":false}