﻿{"cameraMode":{"drawMode":0,"name":"Shaded","section":"Shading Mode"},"sceneLighting":false,"audioPlay":false,"sceneViewState":{"showFog":true,"showMaterialUpdate":false,"showSkybox":true,"showFlares":true,"showImageEffects":true,"showParticleSystems":true},"in2DMode":false,"pivot":{"x":0.0,"y":0.08405020833015442,"z":-0.08405016362667084},"rotation":{"x":0.10654786974191666,"y":0.8831042051315308,"z":-0.24327829480171204,"w":0.38676902651786806},"size":0.6499280333518982,"orthographic":false}