﻿{"cameraMode":{"drawMode":0,"name":"Shaded","section":"Shading Mode"},"sceneLighting":false,"audioPlay":false,"sceneViewState":{"showFog":true,"showMaterialUpdate":false,"showSkybox":true,"showFlares":true,"showImageEffects":true,"showParticleSystems":true},"in2DMode":false,"pivot":{"x":0.25438594818115237,"y":0.03878992795944214,"z":0.1352142095565796},"rotation":{"x":0.03415520861744881,"y":0.8969049453735352,"z":-0.07038214057683945,"w":0.43524864315986636},"size":2.8578836917877199,"orthographic":false}