﻿{"cameraMode":{"drawMode":0,"name":"Shaded","section":"Shading Mode"},"sceneLighting":false,"audioPlay":false,"sceneViewState":{"showFog":true,"showMaterialUpdate":false,"showSkybox":true,"showFlares":true,"showImageEffects":true,"showParticleSystems":true},"in2DMode":false,"pivot":{"x":-0.4780750274658203,"y":2.2317848205566408,"z":-4.785378456115723},"rotation":{"x":0.042661383748054507,"y":0.925751805305481,"z":0.10992520302534104,"w":-0.35927727818489077},"size":24.515623092651368,"orthographic":false}