﻿{"cameraMode":{"drawMode":0,"name":"Shaded","section":"Shading Mode"},"sceneLighting":false,"audioPlay":false,"sceneViewState":{"showFog":true,"showMaterialUpdate":false,"showSkybox":true,"showFlares":true,"showImageEffects":true,"showParticleSystems":true},"in2DMode":false,"pivot":{"x":5.933903694152832,"y":0.19463050365447999,"z":15.374077796936036},"rotation":{"x":-0.049033261835575107,"y":0.9494752883911133,"z":-0.24478189647197724,"w":-0.1901952624320984},"size":0.7144709229469299,"orthographic":false}