﻿{"cameraMode":{"drawMode":0,"name":"Shaded","section":"Shading Mode"},"sceneLighting":false,"audioPlay":false,"sceneViewState":{"showFog":true,"showMaterialUpdate":false,"showSkybox":true,"showFlares":true,"showImageEffects":true,"showParticleSystems":true},"in2DMode":false,"pivot":{"x":5.133823394775391,"y":0.5775769352912903,"z":11.838254928588868},"rotation":{"x":-0.0004587752919178456,"y":0.9985679984092712,"z":-0.052785832434892657,"w":-0.008687487803399563},"size":1.5197279453277588,"orthographic":false}